{
  "btc": 1,
  "eth": 0.052271182896868953,
  "ltc": 0.0011501060972874746,
  "bch": 0.006608249738974135,
  "bnb": 0.009078611698699035,
  "eos": 0.000010243361894318847,
  "xrp": 0.0000071323636528329124,
  "xlm": 0.0000014597023461973894,
  "link": 0.0002263943685759183,
  "dot": 0.00009508674430879686
}